TrackId,AlbumId
1,1
6,1
7,1
8,1
9,1
10,1
11,1
12,1
13,1
14,1
2,2
3,3
4,3
5,3
15,4
16,4
17,4
18,4
19,4
20,4
21,4
22,4
23,5
24,5
25,5
26,5
27,5
28,5
29,5
30,5
31,5
32,5
33,5
34,5
35,5
36,5
37,5
38,6
39,6
40,6
41,6
42,6
43,6
44,6
45,6
46,6
47,6
48,6
49,6
50,6
51,7
52,7
53,7
54,7
55,7
56,7
57,7
58,7
59,7
60,7
61,7
62,7
63,8
64,8
65,8
66,8
67,8
68,8
69,8
70,8
71,8
72,8
73,8
74,8
75,8
76,8
77,9
78,9
79,9
80,9
81,9
82,9
83,9
84,9
85,10
86,10
87,10
88,10
89,10
90,10
91,10
92,10
93,10
94,10
95,10
96,10
97,10
98,10
99,11
100,11
101,11
102,11
103,11
104,11
105,11
106,11
107,11
108,11
109,11
110,11
111,12
112,12
113,12
114,12
115,12
116,12
117,12
118,12
119,12
120,12
121,12
122,12
123,13
124,13
125,13
126,13
127,13
128,13
129,13
130,13
131,14
132,14
133,14
134,14
135,14
136,14
137,14
138,14
139,14
140,14
141,14
142,14
143,14
144,15
145,15
146,15
147,15
148,15
149,16
150,16
151,16
152,16
153,16
154,16
155,16
156,17
157,17
158,17
159,17
160,17
161,17
162,17
163,17
164,17
165,17
166,18
167,18
168,18
169,18
170,18
171,18
172,18
173,18
174,18
175,18
176,18
177,18
178,18
179,18
180,18
181,18
182,18
183,19
184,19
185,19
186,19
187,19
188,19
189,19
190,19
191,19
192,19
193,19
194,20
195,20
196,20
197,20
198,20
199,20
200,20
201,20
202,20
203,20
204,20
205,21
206,21
207,21
208,21
209,21
210,21
211,21
212,21
213,21
214,21
215,21
216,21
217,21
218,21
219,21
220,21
221,21
222,21
223,22
224,22
225,22
226,23
227,23
228,23
229,23
230,23
231,23
232,23
233,23
234,23
235,23
236,23
237,23
238,23
239,23
240,23
241,23
242,23
243,23
244,23
245,23
515,23
516,23
517,23
518,23
519,23
520,23
521,23
522,23
523,23
524,23
525,23
526,23
527,23
528,23
246,24
247,24
248,24
249,24
250,24
251,24
252,24
253,24
254,24
255,24
256,24
257,24
258,24
259,24
260,24
261,24
262,24
263,24
264,24
265,24
266,24
267,24
268,24
269,25
270,25
271,25
272,25
273,25
274,25
275,25
276,25
277,25
278,25
279,25
280,25
281,25
282,26
283,26
284,26
285,26
286,26
287,26
288,26
289,26
290,26
291,26
292,26
293,26
294,26
295,26
296,26
297,26
298,26
299,27
300,27
301,27
302,27
303,27
304,27
305,27
306,27
307,27
308,27
309,27
310,27
311,27
312,27
313,28
314,28
315,28
316,28
317,28
318,28
319,28
320,28
321,28
322,28
323,29
324,29
325,29
326,29
327,29
328,29
329,29
330,29
331,29
332,29
333,29
334,29
335,29
336,29
337,30
338,30
339,30
340,30
341,30
342,30
343,30
344,30
345,30
346,30
347,30
348,30
349,30
350,30
351,31
352,31
353,31
354,31
355,31
356,31
357,31
358,31
359,31
360,32
361,32
362,32
363,32
364,32
365,32
366,32
367,32
368,32
369,32
370,32
371,32
372,32
373,32
374,33
375,33
376,33
377,33
378,33
379,33
380,33
381,33
382,33
383,33
384,33
385,33
386,33
387,33
388,33
389,33
390,33
391,34
392,34
393,34
394,34
395,34
396,34
397,34
398,34
399,34
400,34
401,34
402,34
403,34
404,34
405,34
406,34
407,34
408,35
409,35
410,35
411,35
412,35
413,35
414,35
415,35
416,35
417,35
418,35
419,36
420,36
421,36
422,36
423,36
424,36
425,36
426,36
427,36
428,36
429,36
430,36
431,36
432,36
433,36
434,36
435,36
436,37
437,37
438,37
439,37
440,37
441,37
442,37
443,37
444,37
445,37
446,37
447,37
448,37
449,37
450,37
451,37
452,37
453,37
454,37
455,37
456,38
457,38
458,38
459,38
460,38
461,38
462,38
463,38
464,38
465,38
466,38
467,38
468,39
469,39
470,39
471,39
472,39
473,39
474,39
475,39
476,39
477,39
478,39
479,39
480,39
481,39
482,39
483,39
484,39
485,39
486,39
487,39
488,39
489,40
490,40
491,40
492,40
493,40
494,40
495,40
496,40
497,40
498,40
499,40
500,40
501,41
502,41
503,41
504,41
505,41
506,41
507,41
508,41
509,41
510,41
511,41
512,41
513,41
514,41
529,42
530,42
531,42
532,42
533,42
534,42
535,42
536,42
537,42
538,42
539,42
540,42
541,42
542,42
543,43
544,43
545,43
546,43
547,43
548,43
549,43
550,44
551,44
552,44
553,44
554,44
555,44
556,45
557,45
558,45
559,45
560,45
561,45
562,45
563,45
564,45
565,45
566,45
567,45
568,45
569,45
570,46
571,46
572,46
573,46
574,46
575,46
576,46
577,46
578,46
579,46
580,46
581,46
582,46
583,47
584,47
585,47
586,47
587,47
588,47
589,47
590,47
591,47
592,47
593,47
594,47
595,47
596,47
597,48
598,48
599,48
600,48
601,48
602,48
603,48
604,48
605,48
606,48
607,48
608,48
609,48
610,49
611,49
612,49
613,49
614,49
615,49
616,49
617,49
618,49
619,49
620,50
621,50
622,50
623,50
624,51
625,51
626,51
627,51
628,51
629,51
630,51
631,51
632,51
633,51
634,51
635,51
636,51
637,51
638,51
639,51
640,51
641,51
642,51
643,51
644,51
645,51
646,52
647,52
648,52
649,52
650,52
651,52
652,52
653,52
654,52
655,52
656,52
657,52
658,52
659,52
660,52
661,53
662,53
663,53
664,53
665,53
666,53
667,53
668,53
669,53
670,53
671,53
672,53
673,53
674,53
675,54
676,54
677,54
678,54
679,54
680,54
681,54
682,54
683,54
684,54
685,54
686,54
687,54
688,54
689,54
690,54
691,54
692,54
693,54
694,54
695,55
696,55
697,55
698,55
699,55
700,55
701,55
702,55
703,55
704,55
705,55
706,55
707,55
708,55
709,55
710,55
711,55
712,55
713,55
714,55
715,56
716,56
717,56
718,56
719,56
720,56
721,56
722,56
723,56
724,56
725,56
726,56
727,56
728,56
729,56
730,57
731,57
732,57
733,57
734,57
735,57
736,57
737,57
738,57
739,57
740,57
741,57
742,57
743,57
744,57
745,58
746,58
747,58
748,58
749,58
750,58
751,58
752,58
753,58
754,59
755,59
756,59
757,59
758,59
759,59
760,59
761,60
762,60
763,60
764,60
765,60
766,60
767,60
768,61
769,61
770,61
771,61
772,61
773,61
774,61
775,61
776,61
777,61
778,61
779,62
780,62
781,62
782,62
783,62
784,62
785,62
786,63
787,63
788,63
789,63
790,63
791,63
792,63
793,63
794,63
795,63
796,63
797,63
798,64
799,64
800,64
801,64
802,64
803,64
804,64
805,64
806,64
807,65
808,65
809,65
810,65
811,65
812,65
813,65
814,65
815,65
816,66
817,66
818,66
819,66
820,66
821,66
822,66
823,66
824,66
825,66
826,67
827,67
828,67
829,67
830,67
831,67
832,67
833,67
834,67
835,67
836,67
837,67
838,67
839,67
840,67
841,67
842,68
843,68
844,68
845,68
846,68
847,68
848,68
849,68
850,68
851,69
852,69
853,69
854,69
855,69
856,69
857,69
858,69
859,69
860,69
861,69
862,69
863,69
864,70
865,70
866,70
867,70
868,70
869,70
870,70
871,70
872,70
873,70
874,70
875,70
876,70
877,71
878,71
879,71
880,71
881,71
882,71
883,71
884,71
885,71
886,71
887,71
888,71
889,71
890,71
891,72
892,72
893,72
894,72
895,72
896,72
897,72
898,72
899,72
900,72
901,72
902,72
903,72
904,72
905,72
906,72
907,72
908,72
909,73
910,73
911,73
912,73
913,73
914,73
915,73
916,73
917,73
918,73
919,73
920,73
921,73
922,73
1105,73
1106,73
1107,73
1108,73
1109,73
1110,73
1111,73
1112,73
1113,73
1114,73
1115,73
1116,73
1117,73
1118,73
1119,73
1120,73
923,74
924,74
925,74
926,74
927,74
928,74
929,74
930,74
931,74
932,74
933,74
934,74
935,75
936,75
937,75
938,75
939,75
940,75
941,75
942,75
943,75
944,75
945,75
946,75
947,75
948,75
949,76
950,76
951,76
952,76
953,76
954,76
955,76
956,76
957,76
958,76
959,76
960,76
961,76
962,76
963,76
964,77
965,77
966,77
967,77
968,77
969,77
970,77
971,77
972,77
973,77
974,77
975,78
976,78
977,78
978,78
979,78
980,78
981,78
982,78
983,78
984,78
985,78
986,78
987,78
988,78
989,79
990,79
991,79
992,79
993,79
994,79
995,79
996,79
997,79
998,79
999,80
1000,80
1001,80
1002,80
1003,80
1004,80
1005,80
1006,80
1007,80
1008,80
1009,81
1010,81
1011,81
1012,81
1013,81
1014,81
1015,81
1016,81
1017,81
1018,81
1019,81
1020,82
1021,82
1022,82
1023,82
1024,82
1025,82
1026,82
1027,82
1028,82
1029,82
1030,82
1031,82
1032,82
1033,83
1034,83
1035,83
1036,83
1037,83
1038,83
1039,83
1040,83
1041,83
1042,83
1043,83
1044,83
1045,83
1046,83
1047,83
1048,83
1049,83
1050,83
1051,83
1052,83
1053,83
1054,83
1055,83
1056,83
1057,84
1058,84
1059,84
1060,84
1061,84
1062,84
1063,84
1064,84
1065,84
1066,84
1067,84
1068,84
1069,84
1070,84
1071,84
1072,84
1073,85
1074,85
1075,85
1076,85
1077,85
1078,85
1079,85
1080,85
1081,85
1082,85
1083,85
1084,85
1085,85
1086,85
1087,86
1088,86
1089,86
1090,86
1091,86
1092,86
1093,86
1094,86
1095,86
1096,86
1097,86
1098,86
1099,86
1100,86
1101,86
1102,87
1103,87
1104,87
1121,88
1122,88
1123,88
1124,88
1125,88
1126,88
1127,88
1128,88
1129,88
1130,88
1131,88
1132,88
1133,89
1134,89
1135,89
1136,89
1137,89
1138,89
1139,89
1140,89
1141,89
1142,89
1143,89
1144,89
1145,89
1146,90
1147,90
1148,90
1149,90
1150,90
1151,90
1152,90
1153,90
1154,90
1155,90
1156,90
1157,90
1158,91
1159,91
1160,91
1161,91
1162,91
1163,91
1164,91
1165,91
1166,91
1167,91
1168,91
1169,91
1170,91
1171,91
1172,91
1173,91
1174,92
1175,92
1176,92
1177,92
1178,92
1179,92
1180,92
1181,92
1182,92
1183,92
1184,92
1185,92
1186,92
1187,92
1188,93
1189,93
1190,93
1191,93
1192,93
1193,93
1194,93
1195,93
1196,93
1197,93
1198,93
1199,93
1200,93
1201,94
1202,94
1203,94
1204,94
1205,94
1206,94
1207,94
1208,94
1209,94
1210,94
1211,94
1212,95
1213,95
1214,95
1215,95
1216,95
1217,95
1218,95
1219,95
1220,95
1221,95
1222,95
1223,95
1224,96
1225,96
1226,96
1227,96
1228,96
1229,96
1230,96
1231,96
1232,96
1233,96
1234,96
1235,97
1236,97
1237,97
1238,97
1239,97
1240,97
1241,97
1242,97
1243,97
1244,97
1245,98
1246,98
1247,98
1248,98
1249,98
1250,98
1251,98
1252,98
1253,98
1254,98
1255,98
1256,99
1257,99
1258,99
1259,99
1260,99
1261,99
1262,99
1263,99
1264,99
1265,99
1266,99
1267,99
1268,100
1269,100
1270,100
1271,100
1272,100
1273,100
1274,100
1275,100
1276,100
1277,101
1278,101
1279,101
1280,101
1281,101
1282,101
1283,101
1284,101
1285,101
1286,101
1287,102
1288,102
1289,102
1290,102
1291,102
1292,102
1293,102
1294,102
1295,102
1296,102
1297,102
1298,102
1299,102
1300,102
1301,102
1302,102
1303,102
1304,102
1305,103
1306,103
1307,103
1308,103
1309,103
1310,103
1311,103
1312,103
1313,103
1314,103
1315,104
1316,104
1317,104
1318,104
1319,104
1320,104
1321,104
1322,104
1323,104
1324,104
1325,105
1326,105
1327,105
1328,105
1329,105
1330,105
1331,105
1332,105
1333,105
1334,105
1335,106
1336,106
1337,106
1338,106
1339,106
1340,106
1341,106
1342,106
1343,106
1344,107
1345,107
1346,107
1347,107
1348,107
1349,107
1350,107
1351,107
1352,108
1353,108
1354,108
1355,108
1356,108
1357,108
1358,108
1359,108
1360,108
1361,108
1362,109
1363,109
1364,109
1365,109
1366,109
1367,109
1368,109
1369,109
1370,109
1371,110
1372,110
1373,110
1374,110
1375,110
1376,110
1377,110
1378,110
1379,111
1380,111
1381,111
1382,111
1383,111
1384,111
1385,111
1386,111
1387,112
1388,112
1389,112
1390,112
1391,112
1392,112
1393,112
1394,112
1395,113
1396,113
1397,113
1398,113
1399,113
1400,113
1401,113
1402,113
1403,113
1404,113
1405,113
1406,114
1407,114
1408,114
1409,114
1410,114
1411,114
1412,114
1413,114
1414,115
1415,115
1416,115
1417,115
1418,115
1419,115
1420,115
1421,115
1422,115
1423,115
1424,115
1425,115
1426,115
1427,115
1428,115
1429,115
1430,115
1431,115
1432,115
1433,115
1434,116
1435,116
1436,116
1437,116
1438,116
1439,116
1440,116
1441,116
1442,116
1443,116
1444,117
1445,117
1446,117
1447,117
1448,117
1449,117
1450,117
1451,117
1452,117
1453,117
1454,117
1455,118
1456,118
1457,118
1458,118
1459,118
1460,118
1461,118
1462,118
1463,118
1464,118
1465,118
1466,119
1467,119
1468,119
1469,119
1470,119
1471,119
1472,119
1473,119
1474,119
1475,119
1476,119
1477,119
1478,119
1479,120
1480,120
1481,120
1482,120
1483,120
1484,120
1485,120
1486,120
1487,120
1488,120
1489,120
1490,120
1491,120
1492,120
1493,120
1494,120
1495,120
1496,121
1497,121
1498,121
1499,121
1500,121
1501,121
1502,121
1503,121
1504,121
1505,121
1506,122
1507,122
1508,122
1509,122
1510,122
1511,122
1512,122
1513,122
1514,122
1515,122
1516,122
1517,122
1518,122
1519,122
1520,123
1521,123
1522,123
1523,123
1524,123
1525,123
1526,123
1527,123
1528,123
1529,123
1530,123
1531,123
1532,124
1533,124
1534,124
1535,124
1536,124
1537,124
1538,124
1539,124
1540,124
1541,124
1542,124
1543,124
1544,124
1545,124
1546,125
1547,125
1548,125
1549,125
1550,125
1551,125
1552,125
1553,125
1554,125
1555,125
1556,125
1557,125
1558,125
1559,125
1560,125
1561,125
1562,126
1563,126
1564,126
1565,126
1566,126
1567,126
1568,126
1569,126
1570,126
1571,126
1572,126
1573,126
1574,126
1575,126
1576,126
1577,127
1578,127
1579,127
1580,127
1581,127
1582,127
1583,127
1584,127
1585,127
1586,127
1587,128
1588,128
1589,128
1590,128
1591,128
1592,128
1593,128
1594,128
1595,129
1596,129
1597,129
1598,129
1599,129
1600,129
1601,129
1602,129
1603,130
1604,130
1605,130
1606,130
1607,130
1608,130
1609,130
1610,131
1611,131
1612,131
1613,131
1614,131
1615,131
1616,131
1617,131
1618,132
1619,132
1620,132
1621,132
1622,132
1623,132
1624,132
1625,132
1626,132
1627,133
1628,133
1629,133
1630,133
1631,133
1632,133
1633,133
1634,133
1635,133
1636,134
1637,134
1638,134
1639,134
1640,134
1641,134
1642,134
1643,134
1644,134
1645,134
1646,135
1647,135
1648,135
1649,135
1650,135
1651,135
1652,135
1653,135
1654,135
1655,136
1656,136
1657,136
1658,136
1659,136
1660,136
1661,136
1662,137
1663,137
1664,137
1665,137
1666,137
1667,138
1668,138
1669,138
1670,138
1671,139
1672,139
1673,139
1674,139
1675,139
1676,139
1677,139
1678,139
1679,139
1680,139
1681,139
1682,139
1683,139
1684,139
1685,139
1686,140
1687,140
1688,140
1689,140
1690,140
1691,140
1692,140
1693,140
1694,140
1695,140
1696,140
1697,140
1698,140
1699,140
1700,140
1701,140
1702,141
1703,141
1704,141
1705,141
1706,141
1707,141
1708,141
1709,141
1710,141
1711,141
1712,141
1713,141
1714,141
1715,141
1716,141
2216,141
2217,141
2218,141
2219,141
2220,141
2221,141
2222,141
2223,141
2224,141
2225,141
2226,141
2227,141
2228,141
2434,141
2435,141
2436,141
2437,141
2438,141
2439,141
2440,141
2441,141
2442,141
2443,141
2444,141
2445,141
2446,141
2447,141
2448,141
3132,141
3133,141
3134,141
3135,141
3136,141
3137,141
3138,141
3139,141
3140,141
3141,141
3142,141
3143,141
3144,141
3145,141
1717,142
1720,142
1722,142
1723,142
1726,142
1727,142
1730,142
1731,142
1733,142
1736,142
1737,142
1740,142
1742,142
1743,142
1718,143
1719,143
1721,143
1724,143
1725,143
1728,143
1729,143
1732,143
1734,143
1735,143
1738,143
1739,143
1741,143
1744,143
1745,144
1746,144
1747,144
1748,144
1749,144
1750,144
1751,144
1752,144
1753,144
1754,144
1755,145
1756,145
1757,145
1758,145
1759,145
1760,145
1761,145
1762,145
1763,145
1764,145
1765,145
1766,145
1767,145
1768,145
1769,145
1770,145
1771,145
1772,145
1773,146
1774,146
1775,146
1776,146
1777,146
1778,146
1779,146
1780,146
1781,146
1782,146
1783,146
1784,146
1785,146
1786,146
1787,146
1788,146
1789,146
1790,146
1791,147
1792,147
1793,147
1794,147
1795,147
1796,147
1797,147
1798,147
1799,147
1800,147
1801,148
1802,148
1803,148
1804,148
1805,148
1806,148
1807,148
1808,148
1809,148
1810,148
1811,148
1812,148
1813,149
1814,149
1815,149
1816,149
1817,149
1818,149
1819,149
1820,149
1821,149
1822,149
1823,149
1824,149
1825,149
1826,149
1827,149
1828,149
1829,150
1830,150
1831,150
1832,150
1833,150
1834,150
1835,150
1836,150
1837,150
1838,150
1839,151
1840,151
1841,151
1842,151
1843,151
1844,151
1845,151
1846,151
1847,151
1848,151
1849,151
1850,151
1851,151
1852,151
1853,152
1854,152
1855,152
1856,152
1857,152
1858,152
1859,152
1860,152
1861,153
1862,153
1863,153
1864,153
1865,153
1866,153
1867,153
1868,153
1869,153
1870,153
1871,153
1872,153
1873,153
1874,154
1875,154
1876,154
1877,154
1878,154
1879,154
1880,154
1881,154
1882,155
1883,155
1884,155
1885,155
1886,155
1887,155
1888,155
1889,155
1890,155
1891,155
1892,155
1893,156
1894,156
1895,156
1896,156
1897,156
1898,156
1899,156
1900,156
1901,156
1902,157
1903,157
1904,157
1905,157
1906,157
1907,157
1908,157
1909,157
1910,157
1911,157
1912,157
1913,157
1914,157
1915,157
1916,158
1917,158
1918,158
1919,158
1920,158
1921,158
1922,158
1923,158
1924,158
1925,158
1926,158
1927,158
1928,158
1929,159
1930,159
1931,159
1932,159
1933,159
1934,159
1935,159
1936,159
1937,159
1938,159
1939,159
1940,159
1941,159
1942,160
1943,160
1944,160
1945,160
1946,160
1947,160
1948,160
1949,160
1950,160
1951,160
1952,160
1953,160
1954,160
1955,160
1956,160
1957,161
1958,161
1959,161
1960,161
1961,161
1962,161
1963,161
1964,161
1965,161
1966,161
1967,161
1968,161
1969,162
1970,162
1971,162
1972,162
1973,162
1974,162
1975,162
1976,162
1977,162
1978,162
1979,162
1980,162
1981,162
1982,162
1983,162
1984,162
1985,162
1986,163
1987,163
1988,163
1989,163
1990,163
1991,163
1992,163
1993,163
1994,163
1995,163
1996,163
1997,163
1998,163
1999,163
2000,163
2001,163
2002,163
2003,164
2004,164
2005,164
2006,164
2007,164
2008,164
2009,164
2010,164
2011,164
2012,164
2013,164
2014,164
2015,165
2016,165
2017,165
2018,165
2019,165
2020,165
2021,165
2022,165
2023,165
2024,165
2025,165
2026,165
2027,165
2028,165
2029,165
2030,166
2031,166
2032,166
2033,166
2034,166
2035,166
2036,166
2037,166
2038,166
2039,166
2040,166
2041,166
2042,166
2043,166
2044,167
2045,167
2046,167
2047,167
2048,167
2049,167
2050,167
2051,167
2052,167
2053,167
2054,167
2055,167
2056,167
2057,167
2058,167
2059,167
2060,167
2061,167
2062,167
2063,167
2064,167
2065,168
2066,168
2067,168
2068,168
2069,168
2070,168
2071,168
2072,168
2073,168
2074,168
2075,168
2076,168
2077,169
2078,169
2079,169
2080,169
2081,169
2082,169
2083,169
2084,169
2085,169
2086,169
2087,169
2088,169
2089,169
2090,169
2091,169
2092,169
2093,170
2094,171
2095,171
2096,172
2097,173
2098,173
2099,174
2100,174
2101,174
2102,174
2103,174
2104,174
2105,174
2106,174
2107,174
2108,174
2109,174
2110,174
2111,174
2112,174
2113,175
2114,175
2115,175
2116,175
2117,175
2118,175
2119,175
2120,175
2121,175
2122,175
2123,175
2124,175
2125,176
2126,176
2127,176
2128,176
2129,176
2130,176
2131,176
2132,176
2133,176
2134,176
2135,176
2136,176
2137,176
2138,176
2139,177
2140,177
2141,177
2142,177
2143,177
2144,177
2145,177
2146,177
2147,177
2148,177
2149,178
2150,178
2151,178
2152,178
2153,178
2154,178
2155,178
2156,178
2157,178
2158,178
2159,178
2160,178
2161,178
2162,178
2163,178
2164,178
2165,179
2166,179
2167,179
2168,179
2169,179
2170,179
2171,179
2172,179
2173,179
2174,179
2175,179
2176,179
2177,179
2178,180
2179,180
2180,180
2181,180
2182,180
2183,180
2184,180
2185,180
2186,180
2187,180
2188,180
2189,180
2190,180
2191,180
2192,180
2193,181
2194,181
2195,181
2196,181
2197,181
2198,181
2199,181
2200,181
2201,181
2202,181
2203,181
2204,182
2205,182
2206,182
2207,182
2208,182
2209,182
2210,182
2211,182
2212,182
2213,182
2214,182
2215,182
2229,183
2230,183
2231,183
2232,183
2233,183
2234,183
2235,183
2236,183
2237,183
2238,184
2239,184
2240,184
2241,184
2242,184
2243,184
2244,184
2245,184
2246,184
2247,184
2248,184
2249,184
2250,184
2251,184
2252,184
2253,184
2254,185
2255,185
2256,185
2257,185
2258,185
2259,185
2260,185
2261,185
2262,185
2263,185
2264,185
2265,185
2266,185
2267,185
2268,185
2269,185
2270,185
2271,186
2272,186
2273,186
2274,186
2275,186
2276,186
2277,186
2278,186
2279,186
2280,186
2281,186
2282,187
2283,187
2284,187
2310,187
2311,187
2312,187
2313,187
2314,187
2315,187
2316,187
2317,187
2285,188
2286,188
2287,188
2288,188
2289,188
2290,188
2291,188
2292,188
2293,188
2294,188
2295,188
2296,189
2297,189
2298,189
2299,189
2300,189
2301,189
2302,189
2303,189
2304,189
2305,189
2306,189
2307,189
2308,189
2309,189
2318,190
2319,190
2320,190
2321,190
2322,190
2323,190
2324,190
2325,190
2326,190
2327,190
2328,190
2329,190
2330,190
2331,190
2332,190
2333,190
2334,191
2335,191
2336,191
2337,191
2338,191
2339,191
2340,191
2341,191
2342,191
2343,191
2344,192
2345,192
2346,192
2347,192
2348,192
2349,192
2350,192
2351,192
2352,192
2353,192
2354,192
2355,192
2356,192
2357,192
2358,193
2359,193
2360,193
2361,193
2362,193
2363,193
2364,193
2365,193
2366,193
2367,193
2368,193
2369,193
2370,193
2371,193
2372,193
2373,193
2374,193
2375,194
2376,194
2377,194
2378,194
2379,194
2380,194
2381,194
2382,194
2383,194
2384,194
2385,194
2386,194
2387,194
2388,194
2389,194
2390,194
2391,195
2392,195
2393,195
2394,195
2395,195
2396,195
2397,195
2398,195
2399,195
2400,195
2401,195
2402,195
2403,195
2404,195
2405,195
2406,196
2407,196
2408,196
2409,196
2410,196
2411,196
2412,196
2413,196
2414,196
2415,196
2416,196
2417,196
2418,196
2419,196
2420,197
2421,197
2422,197
2423,197
2424,197
2425,197
2426,197
2427,197
2428,198
2429,198
2430,198
2431,198
2432,198
2433,198
2449,199
2450,199
2451,199
2452,199
2453,199
2454,199
2455,199
2456,199
2457,199
2458,199
2459,199
2460,199
2461,200
2462,200
2463,200
2464,200
2465,200
2466,200
2467,200
2468,200
2469,200
2470,200
2471,200
2472,201
2473,201
2474,201
2475,201
2476,201
2477,201
2478,201
2479,201
2480,201
2481,201
2482,201
2483,201
2484,201
2485,201
2486,201
2487,201
2488,202
2489,202
2490,202
2491,202
2492,202
2493,202
2494,202
2495,202
2496,202
2497,202
2498,202
2499,202
2500,202
2501,202
2502,202
2503,202
2504,202
2505,202
2506,203
2507,203
2508,203
2509,203
2510,203
2511,203
2512,203
2513,203
2514,203
2515,203
2516,203
2517,203
2518,203
2519,203
2520,203
2521,203
2522,203
2523,204
2524,204
2525,204
2526,204
2527,204
2528,204
2529,204
2530,204
2531,204
2532,205
2533,205
2534,205
2535,205
2536,205
2537,205
2538,205
2539,205
2540,205
2541,205
2542,206
2543,206
2544,206
2545,206
2546,206
2547,206
2548,206
2549,206
2550,206
2551,206
2552,206
2553,206
2554,207
2555,207
2556,207
2557,207
2558,207
2559,207
2560,207
2561,207
2562,207
2563,207
2564,207
2565,208
2566,208
2567,208
2568,208
2569,208
2570,208
2571,208
2572,209
2573,209
2574,209
2575,209
2576,209
2577,209
2578,209
2579,209
2580,209
2581,209
2582,210
2583,210
2584,210
2585,210
2586,210
2587,210
2588,210
2589,210
2590,210
2591,211
2592,211
2593,211
2594,211
2595,211
2596,211
2597,211
2598,211
2599,211
2600,211
2601,211
2602,211
2603,211
2604,211
2605,211
2606,211
2607,211
2608,211
2609,212
2610,212
2611,212
2612,212
2613,212
2614,212
2615,212
2616,212
2617,212
2618,212
2619,212
2620,212
2621,213
2622,213
2623,213
2624,213
2625,213
2626,213
2627,213
2628,213
2629,213
2630,213
2631,213
2632,213
2633,213
2634,213
2635,213
2636,213
2637,213
2638,213
2639,214
2640,214
2641,214
2642,214
2643,214
2644,214
2645,214
2646,214
2647,214
2648,214
2649,214
2650,215
2651,215
2652,215
2653,215
2654,215
2655,215
2656,215
2657,215
2658,215
2659,215
2660,215
2661,215
2662,215
2663,215
2664,216
2665,216
2666,216
2667,216
2668,216
2669,216
2670,216
2671,216
2672,216
2673,216
2674,216
2675,216
2676,217
2677,217
2678,217
2679,217
2680,217
2681,217
2682,217
2683,217
2684,217
2685,217
2686,217
2687,217
2688,217
2689,217
2690,218
2691,218
2692,218
2693,218
2694,218
2695,218
2696,218
2697,218
2698,218
2699,218
2700,218
2701,218
2702,218
2703,218
2704,218
2705,219
2706,219
2707,219
2708,219
2709,219
2710,219
2711,219
2712,219
2713,219
2714,219
2715,219
2716,219
2717,219
2718,219
2719,219
2720,220
2721,220
2722,220
2723,220
2724,220
2725,220
2726,220
2727,220
2728,220
2729,220
2730,220
2731,221
2732,221
2733,221
2734,221
2735,221
2736,221
2737,221
2738,221
2739,221
2740,221
2741,221
2742,221
2743,221
2744,221
2745,221
2746,221
2747,221
2748,221
2749,221
2750,221
2751,222
2752,222
2753,222
2754,222
2755,222
2756,222
2757,222
2758,222
2759,222
2760,222
2761,222
2762,222
2763,222
2764,222
2765,222
2766,223
2767,223
2768,223
2769,223
2770,223
2771,223
2772,223
2773,223
2774,223
2775,223
2776,223
2777,223
2778,223
2779,223
2780,223
2781,224
2782,224
2783,224
2784,224
2785,224
2786,224
2787,224
2788,224
2789,224
2790,224
2791,224
2792,224
2793,224
2794,224
2795,224
2796,224
2797,224
2798,224
2799,224
2800,224
2801,224
2802,224
2803,225
2804,225
2805,225
2806,225
2807,225
2808,225
2809,225
2810,225
2811,225
2812,225
2813,225
2814,225
2815,225
2816,225
2817,225
2818,225
2819,226
2820,227
2821,227
2822,227
2823,227
2824,227
2825,227
2826,227
2827,227
2828,227
2829,227
2830,227
2831,227
2832,227
2833,227
2834,227
2835,227
2836,227
2837,227
2838,227
2839,228
2840,228
2841,228
2842,228
2843,228
2844,228
2845,228
2846,228
2847,228
2848,228
2849,228
2850,228
2851,228
2852,228
2853,228
2854,228
2855,228
2856,228
3166,228
3167,228
3168,228
3171,228
3223,228
2857,229
2862,229
2863,229
2866,229
2870,229
2874,229
2875,229
2876,229
2881,229
2882,229
2886,229
2890,229
2891,229
2895,229
2899,229
2900,229
2903,229
2908,229
2909,229
2912,229
3165,229
3169,229
3170,229
3224,229
3251,229
3252,229
2858,230
2861,230
2865,230
2868,230
2871,230
2873,230
2877,230
2880,230
2883,230
2885,230
2888,230
2893,230
2894,230
2898,230
2901,230
2904,230
2906,230
2911,230
2913,230
2915,230
2917,230
2919,230
2921,230
2923,230
2925,230
2859,231
2860,231
2864,231
2867,231
2869,231
2872,231
2878,231
2879,231
2884,231
2887,231
2889,231
2892,231
2896,231
2897,231
2902,231
2905,231
2907,231
2910,231
2914,231
2916,231
2918,231
2920,231
2922,231
2924,231
2926,232
2927,232
2928,232
2929,232
2930,232
2931,232
2932,232
2933,232
2934,232
2935,232
2936,232
2937,232
2938,233
2939,233
2940,233
2941,233
2942,233
2943,233
2944,233
2945,233
2946,233
2947,233
2948,233
2949,234
2950,234
2951,234
2952,234
2953,234
2954,234
2955,234
2956,234
2957,234
2958,234
2959,234
2960,234
2961,234
2962,234
2963,234
2964,235
2965,235
2966,235
2967,235
2968,235
2969,235
2970,235
2971,235
2972,235
2973,235
2974,235
2975,236
2976,236
2977,236
2978,236
2979,236
2980,236
2981,236
2982,236
2983,236
2984,236
2985,236
2986,236
2987,237
2988,237
2989,237
2990,237
2991,237
2992,237
2993,237
2994,237
2995,237
2996,237
2997,237
2998,237
2999,237
3000,237
3001,237
3002,237
3003,237
3004,238
3005,238
3006,238
3007,238
3008,238
3009,238
3010,238
3011,238
3012,238
3013,238
3014,238
3015,238
3016,238
3017,238
3018,239
3019,239
3020,239
3021,239
3022,239
3023,239
3024,239
3025,239
3026,239
3027,239
3028,240
3029,240
3030,240
3031,240
3032,240
3033,240
3034,240
3035,240
3036,240
3037,240
3038,241
3039,241
3040,241
3041,241
3042,241
3043,241
3044,241
3045,241
3046,241
3047,241
3048,241
3049,241
3050,241
3051,241
3052,242
3053,242
3054,242
3055,242
3056,242
3057,242
3058,242
3059,242
3060,242
3061,242
3062,242
3063,242
3064,243
3065,243
3066,243
3067,243
3068,243
3069,243
3070,243
3071,243
3072,243
3073,243
3074,243
3075,243
3076,243
3077,243
3078,243
3079,243
3080,243
3081,244
3082,244
3083,244
3084,244
3085,244
3086,244
3087,244
3088,244
3089,244
3090,244
3091,244
3092,245
3093,245
3094,245
3095,245
3096,245
3097,245
3098,245
3099,245
3100,245
3101,245
3102,245
3103,245
3104,246
3105,246
3106,246
3107,246
3108,246
3109,246
3110,246
3111,246
3112,246
3113,246
3114,246
3115,246
3116,246
3117,247
3118,247
3119,247
3120,247
3121,247
3122,247
3123,247
3124,247
3125,247
3126,247
3127,247
3128,247
3129,247
3130,247
3131,247
3146,248
3147,248
3148,248
3149,248
3150,248
3151,248
3152,248
3153,248
3154,248
3155,248
3156,248
3157,248
3158,248
3159,248
3160,248
3161,248
3162,248
3163,248
3164,248
3172,249
3173,249
3174,249
3175,249
3176,249
3177,249
3178,250
3179,250
3180,250
3181,250
3182,250
3183,250
3184,250
3185,250
3186,250
3187,250
3188,250
3189,250
3190,250
3191,250
3192,250
3193,250
3194,250
3195,250
3196,250
3197,250
3198,250
3199,250
3200,251
3201,251
3202,251
3203,251
3204,251
3205,251
3206,251
3207,251
3208,251
3209,251
3210,251
3211,251
3212,251
3213,251
3214,251
3215,251
3216,251
3217,251
3218,251
3219,251
3220,251
3221,251
3222,251
3428,251
3429,251
3225,252
3226,253
3227,253
3228,253
3229,253
3230,253
3231,253
3232,253
3233,253
3234,253
3235,253
3236,253
3237,253
3238,253
3239,253
3240,253
3241,253
3242,253
3243,253
3244,253
3245,253
3246,253
3247,253
3248,253
3249,253
3250,254
3253,255
3254,255
3255,255
3256,255
3257,255
3258,255
3259,255
3260,255
3261,255
3262,255
3263,255
3264,255
3265,255
3266,255
3267,255
3268,255
3269,255
3270,255
3271,255
3272,255
3273,255
3274,255
3275,255
3276,256
3277,256
3278,256
3279,256
3280,256
3281,256
3282,256
3283,256
3284,256
3285,256
3286,256
3287,256
3288,257
3289,257
3290,257
3291,257
3292,257
3293,257
3294,257
3295,257
3296,257
3297,257
3298,257
3299,257
3300,258
3301,258
3302,258
3303,258
3304,258
3305,258
3306,258
3307,258
3308,258
3309,258
3310,258
3311,258
3312,258
3313,258
3314,258
3315,258
3316,258
3317,258
3318,258
3319,259
3320,259
3321,259
3322,259
3323,259
3324,259
3325,259
3326,259
3327,259
3328,259
3329,259
3330,259
3331,259
3332,259
3333,259
3334,259
3335,259
3336,260
3337,261
3338,261
3339,261
3340,261
3341,261
3342,261
3343,261
3344,261
3345,261
3346,261
3347,261
3348,261
3360,261
3361,261
3362,261
3363,261
3364,261
3349,262
3350,262
3351,263
3354,263
3352,264
3358,264
3353,265
3355,265
3356,266
3357,267
3359,268
3365,269
3366,269
3367,269
3368,269
3369,269
3370,269
3371,269
3372,269
3373,269
3374,269
3375,270
3376,270
3377,270
3378,270
3379,270
3380,270
3381,270
3382,270
3383,270
3384,270
3385,270
3386,270
3387,270
3388,270
3389,271
3390,271
3391,271
3392,271
3393,271
3394,271
3395,271
3396,271
3397,271
3398,271
3399,271
3400,271
3401,271
3402,271
3403,272
3404,273
3405,274
3406,275
3407,276
3408,277
3409,278
3410,279
3411,280
3438,280
3412,281
3413,282
3414,283
3415,284
3416,285
3417,286
3418,287
3419,288
3420,289
3421,290
3422,291
3423,292
3424,293
3425,294
3426,295
3427,296
3430,297
3431,298
3432,299
3433,300
3434,301
3435,302
3436,303
3437,304
3439,305
3440,306
3441,307
3442,308
3443,309
3444,310
3445,311
3446,312
3447,313
3448,314
3492,314
3449,315
3450,316
3451,317
3452,318
3453,319
3454,320
3455,321
3456,321
3457,321
3458,321
3459,321
3460,321
3461,321
3462,321
3463,321
3464,321
3465,321
3466,321
3467,322
3468,322
3469,322
3470,322
3471,322
3472,322
3473,322
3474,322
3475,322
3476,322
3477,322
3478,323
3479,324
3480,325
3481,326
3482,327
3483,328
3484,329
3485,330
3486,331
3487,332
3488,333
3489,334
3490,335
3491,336
3493,337
3494,338
3495,339
3496,340
3497,341
3498,342
3499,343
3500,344
3501,345
3502,346
3503,347
